last_name, first_name,player_id,year,player_age,xba,xslg,woba,xwoba,xobp,xiso,exit_velocity_avg,launch_angle_avg,sweet_spot_percent,barrel_batted_rate
Pujols, Albert,405395,2021,41,0.256,0.46,0.302,0.322,0.302,0.204,90.3,12.0,29.3,9.1
Cabrera, Miguel,408234,2021,38,0.234,0.42,0.305,0.315,0.301,0.186,91.4,10.0,32.8,8.3
Rivera, Rene,425784,2021,38,0.196,0.334,0.288,0.263,0.26,0.138,88.5,13.0,30.2,9.3
Wainwright, Adam,425794,2021,40,0.14,0.203,0.149,0.176,0.183,0.063,86.1,4.7,15.2,2.2
Molina, Yadier,425877,2021,39,0.255,0.406,0.29,0.306,0.3,0.151,88.0,15.2,33.8,5.2
Suzuki, Kurt,435559,2021,38,0.204,0.31,0.282,0.264,0.278,0.105,85.2,14.6,28.9,3.9
Cruz Jr., Nelson,443558,2021,41,0.265,0.514,0.346,0.364,0.341,0.249,92.9,11.8,31.8,13.6
Peralta, David,444482,2021,34,0.243,0.345,0.314,0.293,0.313,0.103,89.3,5.3,27.2,5.0
Pina, Manny,444489,2021,34,0.219,0.441,0.315,0.331,0.32,0.222,86.5,18.8,32.2,10.5
Escobar, Alcides,444876,2021,35,0.272,0.364,0.326,0.31,0.326,0.092,81.7,11.1,36.3,3.0
Longoria, Evan,446334,2021,36,0.253,0.487,0.352,0.352,0.344,0.235,94.1,15.5,34.2,13.4
Morton, Charlie,450203,2021,38,0.136,0.17,0.118,0.134,0.136,0.034,80.8,3.7,25.8,0.0
Lester, Jon,452657,2021,37,0.179,0.287,0.205,0.22,0.213,0.107,86.1,0.4,40.0,8.0
Cabrera, Asdrubal,452678,2021,36,0.214,0.331,0.297,0.286,0.302,0.117,87.8,14.5,30.0,6.0
Scherzer, Max,453286,2021,37,0.072,0.096,0.0,0.076,0.073,0.024,85.6,-4.6,22.9,0.0
Blackmon, Charlie,453568,2021,35,0.292,0.457,0.333,0.361,0.37,0.165,87.6,10.2,32.6,7.0
Maldonado, Martin,455117,2021,35,0.183,0.312,0.258,0.267,0.282,0.129,88.0,17.6,30.8,5.7
Chirinos, Robinson,455139,2021,37,0.189,0.362,0.336,0.291,0.292,0.172,89.4,21.7,29.0,8.1
Cain, Lorenzo,456715,2021,35,0.254,0.382,0.319,0.317,0.327,0.128,88.4,7.2,29.0,4.3
Solano, Donovan,456781,2021,34,0.275,0.432,0.324,0.335,0.34,0.158,88.3,11.0,39.8,7.5
McCutchen, Andrew,457705,2021,35,0.24,0.431,0.335,0.344,0.352,0.191,88.8,14.6,33.6,9.0
Upton, Justin,457708,2021,34,0.227,0.432,0.305,0.324,0.313,0.205,90.1,15.6,30.4,11.7
Turner, Justin,457759,2021,37,0.27,0.47,0.358,0.359,0.358,0.199,90.9,19.2,36.5,7.9
Posey III, Buster,457763,2021,34,0.281,0.469,0.379,0.361,0.37,0.188,88.5,8.7,38.4,8.1
Votto, Joey,458015,2021,38,0.274,0.592,0.391,0.406,0.383,0.318,92.9,18.2,44.3,17.2
Gardner, Brett,458731,2021,38,0.219,0.322,0.305,0.296,0.326,0.103,86.7,12.5,29.2,3.4
Joyce, Matt,459964,2021,37,0.162,0.299,0.219,0.275,0.318,0.137,85.7,14.8,25.0,10.0
Romine, Andrew,461865,2021,36,0.19,0.234,0.223,0.217,0.241,0.044,80.5,7.1,36.1,0.0
Andrus, Elvis,462101,2021,33,0.273,0.375,0.27,0.308,0.324,0.102,87.8,8.1,34.0,2.1
Sandoval, Pablo,467055,2021,35,0.203,0.39,0.291,0.316,0.323,0.188,91.5,14.0,41.7,10.4
Ramos, Wilson,467092,2021,34,0.236,0.413,0.275,0.308,0.283,0.178,89.6,6.6,30.2,11.2
Santana, Carlos,467793,2021,35,0.244,0.422,0.294,0.335,0.345,0.178,89.9,12.9,28.0,6.8
Parra, Gerardo,467827,2021,34,0.213,0.297,0.282,0.253,0.271,0.084,87.5,15.7,36.2,1.4
Mercer, Jordy,474568,2021,35,0.239,0.351,0.294,0.284,0.293,0.113,86.7,13.2,42.9,3.6
Belt, Brandon,474832,2021,33,0.243,0.526,0.406,0.375,0.354,0.282,89.2,23.0,35.9,17.0
Zimmerman, Ryan,475582,2021,37,0.232,0.419,0.319,0.3,0.277,0.187,91.3,7.4,32.2,10.6
Lowrie, Jed,476704,2021,37,0.259,0.465,0.311,0.344,0.332,0.206,90.7,16.4,36.5,9.3
Avila, Alex,488671,2021,34,0.176,0.316,0.311,0.297,0.333,0.14,88.6,10.8,39.6,11.3
Brantley Jr., Michael,488726,2021,34,0.312,0.466,0.347,0.361,0.365,0.154,89.5,9.9,38.8,5.8
Castro, Jason,488771,2021,34,0.257,0.503,0.347,0.376,0.375,0.247,90.5,14.5,43.3,14.4
Miley, Wade,489119,2021,35,0.219,0.266,0.21,0.238,0.26,0.047,86.2,1.7,27.9,0.0
Gurriel, Yuli,493329,2021,37,0.271,0.386,0.363,0.326,0.347,0.115,89.8,13.4,31.0,3.4
Rojas, Miguel,500743,2021,32,0.249,0.345,0.311,0.292,0.308,0.096,86.2,11.5,32.4,2.8
Escobar, Eduardo,500871,2021,32,0.249,0.455,0.334,0.328,0.31,0.206,87.0,20.8,38.0,8.9
Adrianza, Ehire,501303,2021,32,0.249,0.37,0.316,0.314,0.332,0.121,85.4,13.4,36.1,2.8
Lagares, Juan,501571,2021,32,0.244,0.373,0.274,0.282,0.274,0.129,90.6,8.8,34.9,6.7
Almonte, Abraham,501659,2021,32,0.228,0.358,0.321,0.317,0.344,0.129,89.3,10.5,32.4,7.2
Davis, Khris,501981,2021,34,0.218,0.414,0.274,0.312,0.291,0.196,89.9,13.6,30.1,11.0
Pham, Tommy,502054,2021,33,0.258,0.443,0.318,0.354,0.366,0.185,90.8,7.6,35.6,10.0
Martinez, J.D.,502110,2021,34,0.288,0.534,0.364,0.374,0.352,0.246,92.1,16.9,41.2,12.5
Reddick, Josh,502210,2021,34,0.262,0.367,0.283,0.285,0.289,0.104,85.1,16.8,40.5,2.5
Freeman, Mike,502273,2021,34,0.204,0.236,0.206,0.232,0.277,0.032,80.1,11.1,30.8,0.0
Dyson, Jarrod,502481,2021,37,0.22,0.285,0.243,0.251,0.272,0.066,83.5,4.1,30.2,0.9
Goldschmidt, Paul,502671,2021,34,0.294,0.577,0.373,0.398,0.367,0.283,92.5,17.2,36.7,13.6
Gonzalez, Marwin,503556,2021,32,0.218,0.334,0.259,0.281,0.292,0.116,87.9,8.9,31.5,4.5
Darvish, Yu,506433,2021,35,0.142,0.179,0.108,0.151,0.158,0.037,85.0,-11.9,24.1,0.0
Leon, Sandy,506702,2021,32,0.17,0.258,0.225,0.216,0.225,0.088,87.3,20.0,31.4,2.1
Altuve, Jose,514888,2021,31,0.261,0.42,0.357,0.332,0.338,0.159,87.6,15.7,31.9,6.4
Hernandez, Cesar,514917,2021,31,0.243,0.386,0.302,0.311,0.319,0.144,87.4,10.7,32.6,6.8
Segura, Jean,516416,2021,31,0.266,0.396,0.338,0.319,0.328,0.13,87.2,5.8,31.1,5.9
Castro, Starlin,516770,2021,31,0.272,0.412,0.309,0.324,0.328,0.139,88.4,9.2,33.9,5.4
Marte, Starling,516782,2021,33,0.277,0.438,0.364,0.347,0.354,0.161,87.6,4.6,32.6,8.4
Bumgarner, Madison,518516,2021,32,0.096,0.147,0.217,0.22,0.275,0.051,87.2,24.7,46.2,7.7
Culberson, Charlie,518586,2021,32,0.229,0.321,0.292,0.269,0.284,0.092,85.4,10.6,35.6,3.2
d'Arnaud, Travis,518595,2021,32,0.248,0.406,0.291,0.312,0.309,0.158,89.9,5.9,33.8,7.6
Donaldson, Josh,518626,2021,36,0.269,0.542,0.353,0.388,0.372,0.273,94.1,14.6,30.2,17.4
Freeman, Freddie,518692,2021,32,0.32,0.583,0.379,0.416,0.41,0.263,91.4,12.0,37.2,11.5
Grandal, Yasmani,518735,2021,33,0.259,0.51,0.403,0.414,0.439,0.251,93.1,14.2,32.5,13.3
Heyward, Jason,518792,2021,32,0.234,0.367,0.275,0.294,0.299,0.134,88.2,7.5,27.5,4.7
Kelly, Merrill,518876,2021,33,0.067,0.075,0.113,0.113,0.14,0.008,76.4,-3.6,11.1,0.0
LeMahieu, DJ,518934,2021,33,0.283,0.397,0.315,0.34,0.366,0.114,90.6,5.0,33.3,3.7
Moreland, Mitch,519048,2021,36,0.226,0.395,0.3,0.297,0.286,0.17,91.0,12.9,31.6,9.2
Moustakas, Mike,519058,2021,33,0.202,0.329,0.284,0.276,0.282,0.126,87.0,18.6,29.3,5.7
Rizzo, Anthony,519203,2021,32,0.261,0.434,0.339,0.347,0.356,0.173,90.1,14.8,31.4,7.7
Romine, Austin,519222,2021,33,0.16,0.237,0.237,0.189,0.188,0.077,87.1,10.6,23.7,5.3
Sogard, Eric,519299,2021,35,0.201,0.272,0.259,0.228,0.241,0.07,84.0,12.1,27.7,0.7
Stanton, Giancarlo,519317,2021,32,0.262,0.498,0.37,0.363,0.346,0.237,95.1,10.3,32.6,15.7
Vogt, Stephen,519390,2021,37,0.213,0.353,0.27,0.288,0.3,0.14,88.5,19.2,32.1,5.1
Galvis, Freddy,520471,2021,32,0.222,0.35,0.305,0.28,0.286,0.128,86.8,14.1,34.9,4.9
Perez, Salvador,521692,2021,31,0.276,0.566,0.359,0.374,0.321,0.29,93.0,15.9,34.1,16.3
Flores, Wilmer,527038,2021,30,0.238,0.4,0.337,0.312,0.314,0.161,88.6,18.0,32.7,6.0
Garcia, Avisail,541645,2021,30,0.278,0.515,0.346,0.367,0.347,0.237,90.4,9.3,35.9,12.2
Inciarte, Ender,542255,2021,31,0.186,0.254,0.262,0.229,0.249,0.068,84.2,12.9,31.7,3.3
Ozuna, Marcell,542303,2021,31,0.268,0.46,0.284,0.347,0.338,0.192,89.7,14.5,35.2,9.9
Villar, Jonathan,542340,2021,30,0.235,0.388,0.32,0.307,0.31,0.153,88.0,7.0,29.9,7.4
Ortega, Rafael,542364,2021,30,0.253,0.382,0.355,0.311,0.326,0.129,88.4,18.5,36.8,5.7
Santana, Danny,542454,2021,31,0.191,0.365,0.261,0.275,0.261,0.174,87.6,16.6,26.7,7.0
Aguilar, Jesus,542583,2021,31,0.26,0.453,0.334,0.334,0.329,0.193,89.6,19.0,34.7,8.5
Berti, Jon,542932,2021,31,0.233,0.325,0.282,0.302,0.334,0.092,87.1,1.9,29.1,2.3
Crawford, Brandon,543063,2021,34,0.259,0.492,0.377,0.356,0.341,0.233,88.8,14.7,35.8,11.5
Cron, C.J.,543068,2021,31,0.261,0.481,0.383,0.364,0.36,0.22,88.8,15.8,31.9,11.5
DeSclafani, Anthony,543101,2021,31,0.072,0.104,0.089,0.121,0.14,0.031,80.7,17.0,32.0,4.0
Dickerson, Alex,543105,2021,31,0.261,0.446,0.313,0.337,0.33,0.185,87.4,17.0,35.7,10.1
Gomes, Yan,543228,2021,34,0.28,0.469,0.308,0.341,0.328,0.188,89.6,14.1,39.3,8.8
Grossman, Robbie,543257,2021,32,0.234,0.399,0.337,0.334,0.355,0.165,87.8,21.1,39.5,7.6
Harrison, Josh,543281,2021,34,0.278,0.42,0.325,0.333,0.34,0.142,87.2,14.5,39.5,4.4
Hendricks, Kyle,543294,2021,32,0.114,0.132,0.13,0.13,0.146,0.018,81.3,-0.6,15.2,0.0
Hicks, Aaron,543305,2021,32,0.24,0.421,0.279,0.333,0.338,0.18,89.3,19.1,36.3,10.0
Higashioka, Kyle,543309,2021,31,0.233,0.504,0.272,0.343,0.297,0.271,90.5,21.7,37.8,15.6
Hosmer, Eric,543333,2021,32,0.268,0.407,0.319,0.327,0.337,0.139,90.5,3.3,26.6,5.8
McCann, James,543510,2021,31,0.224,0.344,0.281,0.284,0.291,0.12,87.3,9.3,32.3,6.1
Miller, Brad,543543,2021,32,0.247,0.46,0.331,0.345,0.339,0.213,92.4,12.9,31.1,12.3
Nola, Austin,543592,2021,32,0.255,0.348,0.316,0.301,0.326,0.093,89.7,14.7,30.1,0.6
Rendon, Anthony,543685,2021,31,0.233,0.369,0.31,0.303,0.324,0.136,89.1,22.3,31.5,5.6
Semien, Marcus,543760,2021,31,0.245,0.455,0.368,0.333,0.317,0.21,89.7,20.3,35.2,9.8
Shaw, Travis,543768,2021,31,0.215,0.388,0.289,0.301,0.3,0.173,87.7,19.9,31.6,9.0
Springer III, George,543807,2021,32,0.248,0.507,0.381,0.361,0.339,0.26,89.4,19.0,37.1,15.4
Vazquez, Christian,543877,2021,31,0.235,0.337,0.289,0.276,0.287,0.102,86.3,13.6,33.0,2.6
Wong, Kolten,543939,2021,31,0.251,0.382,0.337,0.308,0.317,0.131,88.3,12.8,35.3,5.5
Gregorius, Didi,544369,2021,31,0.225,0.329,0.275,0.275,0.287,0.105,86.1,18.3,32.1,2.3
Garcia, Leury,544725,2021,30,0.24,0.336,0.312,0.291,0.312,0.096,86.1,4.3,30.1,3.3
Vargas, Ildemaro,545121,2021,30,0.214,0.279,0.192,0.244,0.271,0.065,84.6,2.8,28.3,1.7
Grichuk, Randal,545341,2021,30,0.235,0.405,0.3,0.298,0.278,0.17,89.8,16.1,30.4,8.5
Marisnick, Jake,545350,2021,30,0.196,0.294,0.287,0.259,0.272,0.098,88.2,15.2,34.8,6.1
Stassi, Max,545358,2021,30,0.23,0.418,0.327,0.322,0.317,0.188,89.8,11.1,35.2,11.0
Trout, Mike,545361,2021,30,0.303,0.576,0.451,0.425,0.442,0.273,91.9,12.9,38.2,18.4
Herrera, Odubel,546318,2021,30,0.252,0.378,0.312,0.302,0.306,0.125,88.9,7.3,32.5,4.7
Alford, Anthony,546990,2021,27,0.199,0.383,0.31,0.289,0.28,0.184,89.0,11.8,36.0,10.7
Almora Jr., Albert,546991,2021,27,0.138,0.188,0.143,0.161,0.17,0.05,90.3,7.7,22.9,0.0
Ruiz, Rio,547004,2021,27,0.184,0.288,0.231,0.249,0.262,0.103,86.8,9.9,25.6,4.4
Harper, Bryce,547180,2021,29,0.301,0.61,0.431,0.43,0.424,0.309,92.5,13.3,38.9,18.1
Perez, Roberto,547379,2021,33,0.202,0.39,0.251,0.299,0.293,0.188,91.0,6.9,26.4,12.6
Abreu, Jose,547989,2021,34,0.252,0.457,0.354,0.349,0.347,0.205,92.0,10.4,31.2,10.2
Diaz, Elias,553869,2021,31,0.249,0.426,0.33,0.321,0.314,0.177,87.1,14.7,30.1,7.9
Narvaez, Omar,553882,2021,29,0.235,0.369,0.322,0.304,0.318,0.134,84.6,17.9,40.3,5.1
Astudillo, Willians,553902,2021,30,0.251,0.374,0.272,0.28,0.274,0.124,85.9,16.8,33.5,4.1
Suarez, Eugenio,553993,2021,30,0.215,0.455,0.306,0.326,0.302,0.24,89.1,18.3,33.0,15.0
Wheeler, Zack,554430,2021,31,0.124,0.143,0.153,0.118,0.124,0.02,83.7,-2.6,26.5,0.0
Polanco, Gregory,570256,2021,30,0.232,0.411,0.275,0.316,0.31,0.179,89.9,15.9,32.5,9.6
Gonzalez, Erik,570481,2021,30,0.255,0.351,0.244,0.277,0.28,0.096,87.0,0.1,27.1,3.3
Urshela, Gio,570482,2021,30,0.252,0.415,0.309,0.304,0.288,0.163,88.9,7.5,36.2,8.0
Schoop, Jonathan,570731,2021,30,0.258,0.404,0.324,0.311,0.305,0.147,88.1,10.8,30.1,6.8
Arenado, Nolan,571448,2021,30,0.249,0.421,0.336,0.312,0.309,0.172,89.0,19.9,33.9,6.7
Barnhart, Tucker,571466,2021,30,0.204,0.313,0.3,0.265,0.279,0.11,87.1,15.5,37.1,4.0
Corbin, Patrick,571578,2021,32,0.138,0.156,0.147,0.161,0.184,0.019,85.4,1.1,8.3,0.0
Farmer, Kyle,571657,2021,31,0.252,0.383,0.316,0.302,0.306,0.132,87.2,15.8,36.0,4.3
Goodwin, Brian,571718,2021,31,0.248,0.396,0.306,0.326,0.342,0.148,88.5,16.9,35.8,6.1
Hamilton, Billy,571740,2021,31,0.2,0.265,0.262,0.216,0.224,0.065,83.9,18.6,38.1,1.2
Haniger, Mitch,571745,2021,31,0.262,0.498,0.34,0.354,0.329,0.236,89.3,14.8,33.6,12.6
Hernandez, Enrique,571771,2021,30,0.253,0.455,0.338,0.346,0.342,0.202,90.8,17.9,36.5,8.4
Holt, Brock,571788,2021,33,0.229,0.315,0.259,0.277,0.3,0.086,86.1,9.8,31.0,1.6
Lamb, Jake,571875,2021,31,0.216,0.393,0.298,0.316,0.325,0.177,90.6,18.3,34.7,11.6
Muncy, Max,571970,2021,31,0.272,0.583,0.379,0.408,0.388,0.311,91.2,15.2,34.9,16.1
Myers, Wil,571976,2021,31,0.218,0.37,0.33,0.295,0.301,0.152,88.0,10.6,31.5,7.5
Naquin, Tyler,571980,2021,30,0.264,0.459,0.345,0.34,0.328,0.196,89.8,9.6,31.5,10.4
Owings, Chris,572008,2021,30,0.216,0.413,0.431,0.318,0.326,0.197,90.7,13.8,32.1,14.3
Piscotty, Stephen,572039,2021,30,0.221,0.375,0.279,0.289,0.284,0.153,86.1,17.5,32.8,8.8
Pollock, AJ,572041,2021,34,0.286,0.504,0.375,0.363,0.347,0.218,90.3,12.0,35.0,11.1
Seager, Kyle,572122,2021,34,0.222,0.454,0.308,0.32,0.295,0.232,89.0,19.5,35.7,12.3
Taylor, Michael A.,572191,2021,30,0.246,0.391,0.286,0.301,0.299,0.145,89.4,12.1,30.6,6.6
Voit III, Luke,572228,2021,30,0.254,0.5,0.332,0.361,0.341,0.247,90.7,15.9,35.3,15.8
Walker, Christian,572233,2021,30,0.249,0.386,0.304,0.311,0.32,0.136,88.8,15.6,34.0,6.4
Zunino, Mike,572287,2021,30,0.22,0.535,0.358,0.355,0.305,0.315,90.7,23.2,31.7,24.3
Carpenter, Matt,572761,2021,36,0.225,0.427,0.269,0.341,0.352,0.202,90.0,21.1,45.0,11.5
Dickerson, Corey,572816,2021,32,0.25,0.377,0.317,0.3,0.307,0.127,87.8,10.1,29.0,3.0
Garneau, Dustin,572863,2021,34,0.206,0.471,0.335,0.303,0.252,0.265,86.4,19.2,32.6,10.9
Ruf, Darin,573131,2021,35,0.262,0.515,0.384,0.382,0.378,0.253,93.1,9.7,40.9,14.2
Stroman, Marcus,573186,2021,30,0.115,0.136,0.143,0.155,0.179,0.021,80.0,-2.9,26.7,0.0
Yastrzemski, Mike,573262,2021,31,0.222,0.432,0.326,0.318,0.309,0.211,89.5,19.4,33.1,10.3
Contreras, Willson,575929,2021,29,0.238,0.448,0.337,0.346,0.343,0.21,91.7,9.9,29.7,11.1
Iglesias, Jose,578428,2021,31,0.271,0.367,0.304,0.299,0.309,0.097,85.4,11.3,35.5,3.4
Torreyes, Ronald,591720,2021,29,0.233,0.299,0.274,0.256,0.278,0.067,82.2,12.2,30.4,0.4
Valera, Breyvic,591971,2021,29,0.251,0.318,0.293,0.284,0.314,0.066,86.0,15.3,33.8,0.0
Bryant, Kris,592178,2021,29,0.26,0.449,0.356,0.346,0.349,0.189,88.2,15.1,37.1,10.3
Canha, Mark,592192,2021,32,0.231,0.378,0.333,0.332,0.358,0.147,87.3,13.5,36.1,7.1
Casali, Curt,592200,2021,33,0.199,0.33,0.289,0.28,0.304,0.131,86.4,23.3,35.6,5.9
Castellanos, Nick,592206,2021,29,0.293,0.535,0.391,0.374,0.35,0.241,89.8,14.0,44.0,10.6
DeShields, Delino,592261,2021,29,0.216,0.405,0.352,0.328,0.342,0.189,88.2,13.0,31.6,7.9
Drury, Brandon,592273,2021,29,0.206,0.348,0.333,0.257,0.242,0.142,89.7,11.7,24.2,6.5
Gamel, Ben,592325,2021,29,0.23,0.373,0.322,0.315,0.335,0.143,89.0,16.7,41.5,7.9
Gausman, Kevin,592332,2021,30,0.106,0.12,0.178,0.121,0.136,0.014,83.1,-5.4,17.2,0.0
Goodrum, Niko,592348,2021,29,0.215,0.381,0.286,0.304,0.297,0.166,88.0,13.4,37.8,10.3
Gray, Jon,592351,2021,30,0.098,0.12,0.094,0.095,0.098,0.022,87.1,20.5,27.8,0.0
Jones, JaCoby,592444,2021,29,0.197,0.333,0.204,0.247,0.235,0.136,89.4,10.3,41.4,8.6
Judge, Aaron,592450,2021,29,0.308,0.594,0.387,0.418,0.394,0.286,95.8,11.6,38.5,17.6
Machado, Manny,592518,2021,29,0.295,0.531,0.35,0.38,0.367,0.236,93.1,14.0,33.8,13.3
Marmolejos, Jose,592530,2021,28,0.184,0.348,0.256,0.279,0.283,0.164,89.4,22.7,30.9,10.3
Moran, Colin,592567,2021,29,0.245,0.391,0.318,0.315,0.323,0.146,89.1,7.2,34.2,8.1
Pederson, Joc,592626,2021,29,0.244,0.441,0.315,0.333,0.319,0.197,91.0,14.1,31.2,10.1
Ramos, Henry,592656,2021,29,0.208,0.314,0.244,0.256,0.263,0.106,87.3,13.7,23.1,5.1
Realmuto, J.T.,592663,2021,30,0.253,0.416,0.336,0.329,0.335,0.164,89.6,11.5,31.2,8.6
Renfroe, Hunter,592669,2021,29,0.26,0.506,0.344,0.354,0.32,0.245,90.1,15.6,32.7,14.4
Rosario, Eddie,592696,2021,30,0.255,0.427,0.316,0.319,0.305,0.172,88.5,15.5,34.3,5.9
Simmons, Andrelton,592743,2021,32,0.23,0.281,0.252,0.261,0.29,0.05,84.1,3.9,29.1,0.6
Walker, Taijuan,592836,2021,29,0.119,0.136,0.119,0.138,0.156,0.017,82.6,-9.7,25.0,0.0
Wilkerson, Stevie,592859,2021,29,0.155,0.209,0.19,0.186,0.2,0.054,85.0,4.5,33.3,0.0
Yelich, Christian,592885,2021,30,0.254,0.392,0.325,0.337,0.368,0.138,91.0,2.8,29.4,7.6
Merrifield, Whit,593160,2021,32,0.263,0.384,0.306,0.301,0.307,0.12,86.8,13.9,40.0,3.5
Bogaerts, Xander,593428,2021,29,0.28,0.468,0.368,0.359,0.359,0.189,89.6,12.5,36.4,9.7
Rivas, Webster,593590,2021,31,0.199,0.278,0.286,0.257,0.283,0.079,86.6,10.2,26.4,3.8
Alberto, Hanser,593643,2021,29,0.265,0.384,0.296,0.294,0.29,0.12,87.1,16.1,32.6,4.5
Polanco, Jorge,593871,2021,28,0.267,0.488,0.349,0.348,0.323,0.22,89.4,19.3,36.1,10.1
Sano, Miguel,593934,2021,28,0.216,0.44,0.332,0.322,0.306,0.224,93.4,17.6,32.3,17.7
Difo, Wilmer,594694,2021,29,0.229,0.321,0.312,0.276,0.292,0.093,83.7,12.2,31.9,4.2
Calhoun, Kole,594777,2021,34,0.221,0.384,0.292,0.291,0.285,0.164,88.5,17.3,38.1,6.3
Duvall, Adam,594807,2021,33,0.227,0.499,0.324,0.33,0.281,0.271,89.8,23.6,33.3,16.1
Eaton, Adam,594809,2021,33,0.216,0.309,0.271,0.275,0.296,0.093,86.6,8.3,29.3,4.3
Gosselin, Phil,594838,2021,33,0.24,0.354,0.297,0.288,0.295,0.114,87.6,11.5,30.2,3.4
Kiermaier, Kevin,595281,2021,31,0.232,0.32,0.31,0.283,0.308,0.088,86.6,1.1,29.6,4.0
Knapp, Andrew,595284,2021,30,0.173,0.274,0.196,0.23,0.235,0.101,86.2,13.1,27.9,3.5
Wallach, Chad,595453,2021,30,0.112,0.164,0.224,0.167,0.177,0.052,84.9,8.1,33.3,3.3
Alfaro, Jorge,595751,2021,28,0.247,0.381,0.274,0.292,0.285,0.134,90.9,1.8,27.6,8.2
Profar, Jurickson,595777,2021,28,0.238,0.323,0.293,0.302,0.339,0.085,85.3,14.0,30.6,2.7
Baez, Javier,595879,2021,29,0.241,0.456,0.344,0.325,0.299,0.214,90.1,10.6,32.7,13.4
Cave, Jake,595909,2021,29,0.22,0.337,0.241,0.273,0.278,0.116,87.0,8.4,38.8,5.8
Evans, Phillip,595943,2021,29,0.244,0.344,0.278,0.312,0.345,0.101,88.4,5.3,25.5,4.3
Gallagher, Cam,595956,2021,29,0.25,0.314,0.276,0.275,0.299,0.064,85.9,14.5,35.8,0.0
Hedges, Austin,595978,2021,29,0.194,0.29,0.227,0.231,0.235,0.096,85.7,18.9,27.8,3.8
Lindor, Francisco,596019,2021,28,0.254,0.453,0.317,0.345,0.345,0.199,90.7,14.4,35.6,8.2
Nogowski Jr., John,596056,2021,28,0.241,0.312,0.273,0.279,0.308,0.071,88.1,15.6,38.0,0.0
Odor, Rougned,596059,2021,27,0.202,0.374,0.289,0.29,0.287,0.172,89.1,19.6,29.6,9.0
Slater, Austin,596103,2021,29,0.256,0.439,0.321,0.335,0.334,0.183,87.1,7.8,37.4,9.5
Story, Trevor,596115,2021,29,0.245,0.451,0.341,0.336,0.326,0.206,90.6,17.5,34.2,9.9
Vogelbach, Daniel,596129,2021,29,0.237,0.389,0.323,0.335,0.364,0.152,91.4,11.7,33.5,8.2
Sanchez, Gary,596142,2021,29,0.228,0.452,0.314,0.336,0.328,0.224,89.5,20.5,34.4,13.7
Kepler, Max,596146,2021,28,0.255,0.452,0.309,0.347,0.347,0.197,89.8,16.3,35.3,10.8
Quinn, Roman,596451,2021,28,0.204,0.271,0.275,0.286,0.333,0.066,86.4,11.2,33.3,3.0
Franco, Maikel,596748,2021,29,0.224,0.344,0.263,0.27,0.269,0.119,88.2,9.1,28.1,5.1
Garcia, Robel,596825,2021,28,0.185,0.238,0.194,0.224,0.247,0.053,86.5,14.3,19.7,1.5
Choi, Ji-Man,596847,2021,30,0.237,0.424,0.334,0.342,0.354,0.187,91.2,14.8,39.2,9.4
Bradley Jr., Jackie,598265,2021,31,0.199,0.295,0.224,0.258,0.27,0.096,89.7,9.6,27.9,5.0
La Stella, Tommy,600303,2021,32,0.28,0.46,0.307,0.342,0.336,0.18,88.9,13.5,36.9,6.2
Severino, Pedro,600474,2021,28,0.249,0.401,0.299,0.311,0.312,0.151,88.2,15.2,33.5,7.6
Nunez, Renato,600524,2021,27,0.176,0.267,0.287,0.211,0.206,0.09,85.0,14.0,21.6,2.7
Candelario, Jeimer,600869,2021,28,0.278,0.465,0.344,0.357,0.358,0.187,88.7,12.6,38.6,9.0
Daza, Yonathan,602074,2021,27,0.26,0.335,0.304,0.292,0.315,0.075,85.2,6.6,32.3,2.0
Urias, Ramon,602104,2021,27,0.27,0.427,0.341,0.344,0.354,0.156,89.6,5.2,34.4,9.7
Rondon, Jose,602922,2021,27,0.238,0.359,0.316,0.297,0.304,0.122,86.1,19.6,35.4,4.6
Ahmed, Nick,605113,2021,31,0.208,0.29,0.269,0.249,0.268,0.083,87.2,10.1,27.9,2.4
Anderson, Brian,605119,2021,28,0.215,0.374,0.314,0.299,0.307,0.159,88.8,11.3,33.9,7.7
Barnes, Austin,605131,2021,32,0.213,0.311,0.285,0.274,0.297,0.098,85.2,13.5,29.7,4.1
Bell, Josh,605137,2021,29,0.277,0.488,0.352,0.367,0.363,0.211,92.5,4.9,28.5,8.8
Betts, Mookie,605141,2021,29,0.263,0.445,0.365,0.357,0.369,0.182,90.3,18.9,34.0,7.8
Caratini, Victor,605170,2021,28,0.228,0.356,0.273,0.291,0.313,0.128,90.0,8.4,31.5,6.8
Davis, J.D.,605204,2021,28,0.248,0.408,0.357,0.338,0.355,0.159,89.7,13.2,37.2,12.4
Garcia, Aramis,605244,2021,28,0.191,0.293,0.244,0.229,0.227,0.102,88.5,9.7,27.4,4.8
Musgrove, Joe,605397,2021,29,0.107,0.12,0.143,0.112,0.123,0.013,82.8,5.1,18.2,0.0
Nola, Aaron,605400,2021,28,0.103,0.133,0.197,0.179,0.212,0.03,85.8,-4.0,28.6,0.0
Panik, Joe,605412,2021,31,0.238,0.324,0.244,0.273,0.293,0.086,86.5,9.7,33.8,1.5
Perez, Michael,605421,2021,29,0.171,0.302,0.225,0.244,0.247,0.131,85.7,10.2,29.6,6.3
Woodruff, Brandon,605540,2021,28,0.116,0.138,0.134,0.143,0.164,0.023,82.9,6.6,25.9,0.0
Zimmer, Bradley,605548,2021,29,0.225,0.372,0.3,0.317,0.327,0.147,90.7,7.0,30.4,9.4
Castro, Harold,605612,2021,28,0.287,0.414,0.291,0.315,0.315,0.127,88.6,10.2,44.0,3.2
Arcia, Orlando,606115,2021,27,0.199,0.308,0.245,0.25,0.263,0.108,88.2,8.9,27.0,3.2
Tapia, Raimel,606132,2021,27,0.25,0.318,0.305,0.281,0.307,0.068,85.7,-4.4,19.9,2.1
Aquino, Aristides,606157,2021,27,0.188,0.399,0.303,0.304,0.3,0.21,89.0,22.9,31.7,14.9
Hernandez, Teoscar,606192,2021,29,0.284,0.537,0.369,0.37,0.336,0.252,91.8,13.1,37.4,13.9
Mercedes, Yermin,606213,2021,28,0.246,0.417,0.317,0.313,0.306,0.17,87.3,15.8,35.4,7.2
Peraza, Jose,606299,2021,27,0.212,0.335,0.28,0.268,0.273,0.123,85.6,20.8,31.0,4.3
Marte, Ketel,606466,2021,28,0.307,0.495,0.385,0.372,0.37,0.188,91.1,10.3,33.5,8.9
Greiner, Grayson,606988,2021,29,0.169,0.26,0.293,0.24,0.262,0.091,85.4,15.4,31.0,4.8
Haase, Eric,606992,2021,29,0.235,0.463,0.316,0.322,0.291,0.228,90.9,16.0,35.9,13.7
Nimmo, Brandon,607043,2021,28,0.273,0.393,0.37,0.351,0.386,0.12,89.3,8.8,34.3,4.0
Peterson, Jace,607054,2021,31,0.239,0.372,0.318,0.322,0.343,0.133,87.7,12.0,34.2,5.2
Turner, Trea,607208,2021,28,0.304,0.485,0.386,0.364,0.355,0.181,89.6,11.4,34.6,7.4
Smith, Kevan,607345,2021,33,0.185,0.24,0.196,0.219,0.263,0.054,87.5,5.7,26.6,1.6
Beaty, Matt,607461,2021,28,0.233,0.347,0.339,0.308,0.332,0.113,86.7,12.3,26.9,3.8
Blandino, Alex,607468,2021,29,0.174,0.244,0.27,0.256,0.295,0.069,85.4,13.6,33.3,0.0
Pillar, Kevin,607680,2021,32,0.223,0.371,0.296,0.28,0.27,0.148,85.8,20.2,34.7,7.3
Stallings, Jacob,607732,2021,32,0.245,0.369,0.312,0.314,0.335,0.125,88.1,10.7,37.1,4.5
Ramirez, Jose,608070,2021,29,0.284,0.511,0.372,0.377,0.375,0.227,90.0,18.3,33.4,11.1
Bregman, Alex,608324,2021,27,0.263,0.422,0.336,0.336,0.35,0.159,89.0,15.9,33.8,6.4
Fried, Max,608331,2021,27,0.235,0.319,0.289,0.27,0.287,0.084,90.3,-0.5,31.1,0.0
Gallo, Joey,608336,2021,28,0.203,0.466,0.348,0.355,0.354,0.263,91.5,22.7,29.4,18.5
Kelly, Carson,608348,2021,27,0.251,0.425,0.328,0.343,0.355,0.174,88.2,18.6,37.9,8.5
Seager, Corey,608369,2021,27,0.295,0.53,0.389,0.392,0.386,0.235,91.0,10.7,36.6,12.4
Winker, Jesse,608385,2021,28,0.295,0.524,0.403,0.39,0.385,0.229,90.6,10.8,38.2,11.2
Marquez, German,608566,2021,26,0.274,0.38,0.288,0.284,0.274,0.107,85.3,6.4,34.0,2.1
Mazara, Nomar,608577,2021,26,0.212,0.341,0.264,0.271,0.276,0.129,90.4,11.1,33.1,7.4
Murphy, Tom,608596,2021,30,0.193,0.347,0.291,0.292,0.299,0.154,88.6,15.9,30.9,8.8
Jankowski, Travis,608671,2021,30,0.223,0.286,0.312,0.282,0.339,0.063,85.2,6.9,26.0,1.9
Mayfield, Jack,608686,2021,31,0.189,0.321,0.284,0.251,0.246,0.132,85.3,16.8,28.2,6.4
Plawecki, Kevin,608700,2021,30,0.258,0.428,0.325,0.327,0.323,0.169,87.3,13.4,34.1,6.1
Refsnyder, Rob,608701,2021,30,0.262,0.438,0.296,0.339,0.34,0.176,89.2,9.3,40.0,7.0
Mondesi, Adalberto,609275,2021,26,0.233,0.473,0.306,0.318,0.274,0.24,92.3,16.1,29.1,12.8
Andujar, Miguel,609280,2021,26,0.268,0.419,0.288,0.31,0.298,0.15,87.1,6.1,31.5,5.5
Vosler, Jason,613564,2021,28,0.212,0.398,0.261,0.293,0.286,0.186,88.5,18.6,28.3,9.4
Cordero, Franchy,614173,2021,27,0.194,0.293,0.222,0.239,0.242,0.099,88.6,7.7,33.8,5.2
Reyes, Franmil,614177,2021,26,0.247,0.514,0.354,0.354,0.32,0.267,92.0,9.7,31.3,16.9
Torrens, Luis,620443,2021,25,0.245,0.428,0.311,0.318,0.304,0.183,90.9,6.1,34.4,10.4
Robertson, Daniel,621002,2021,27,0.179,0.29,0.265,0.281,0.319,0.111,82.9,10.4,31.9,6.4
Martin Jr., Richie,621006,2021,27,0.217,0.274,0.246,0.238,0.254,0.057,85.8,8.3,30.6,0.0
Schrock, Max,621011,2021,27,0.265,0.37,0.329,0.293,0.307,0.105,85.0,18.5,40.2,2.9
Swanson, Dansby,621020,2021,27,0.251,0.456,0.322,0.332,0.316,0.205,89.3,14.1,36.8,11.4
Newman, Kevin,621028,2021,28,0.255,0.33,0.249,0.275,0.293,0.076,85.3,9.9,32.0,1.6
Taylor, Chris,621035,2021,31,0.237,0.422,0.338,0.329,0.33,0.185,88.2,17.4,38.1,10.2
Correa, Carlos,621043,2021,27,0.296,0.482,0.364,0.373,0.38,0.187,90.2,12.1,33.5,9.4
Buehler, Walker,621111,2021,27,0.082,0.112,0.14,0.126,0.144,0.031,85.7,-7.6,12.5,0.0
Dahl, David,621311,2021,27,0.246,0.398,0.246,0.296,0.284,0.152,88.1,11.5,37.3,6.7
Phillips, Brett,621433,2021,27,0.179,0.359,0.313,0.284,0.279,0.18,89.6,17.8,31.9,11.1
Taylor, Tyrone,621438,2021,27,0.24,0.402,0.333,0.315,0.316,0.162,88.6,16.0,29.7,7.6
Buxton, Byron,621439,2021,28,0.3,0.611,0.419,0.407,0.352,0.311,92.5,13.3,35.3,17.9
Brinson, Lewis,621446,2021,27,0.242,0.374,0.275,0.286,0.279,0.131,88.5,14.0,29.9,6.4
Bolt, Skye,621450,2021,27,0.187,0.267,0.113,0.204,0.201,0.08,86.4,10.8,15.9,2.3
Duggar, Steven,621453,2021,28,0.233,0.408,0.327,0.308,0.308,0.175,88.0,15.2,40.0,8.3
Rios, Edwin,621458,2021,27,0.137,0.29,0.182,0.256,0.266,0.153,90.0,11.1,27.3,12.1
Stewart, DJ,621466,2021,28,0.205,0.383,0.31,0.315,0.325,0.178,87.8,19.7,29.3,9.4
Ward, Taylor,621493,2021,28,0.259,0.453,0.333,0.344,0.34,0.194,89.6,16.4,39.1,10.3
Mathisen, Wyatt,621500,2021,28,0.176,0.279,0.219,0.27,0.302,0.102,86.8,23.7,31.8,4.5
Nido, Tomas,621512,2021,27,0.242,0.395,0.254,0.289,0.279,0.153,88.7,10.0,42.2,6.4
Wisdom, Patrick,621550,2021,30,0.216,0.461,0.346,0.322,0.292,0.245,91.3,19.3,39.5,16.2
Wendle, Joey,621563,2021,31,0.238,0.356,0.317,0.286,0.295,0.118,87.9,6.2,30.6,4.6
Olson, Matt,621566,2021,27,0.264,0.507,0.379,0.378,0.374,0.243,91.6,16.2,32.4,12.7
Jones, Taylor,622100,2021,28,0.21,0.33,0.283,0.249,0.24,0.12,90.6,12.8,32.0,6.7
Duffy, Matt,622110,2021,30,0.272,0.373,0.327,0.32,0.345,0.101,87.3,7.5,39.6,3.1
Walton, Donovan,622268,2021,27,0.226,0.335,0.267,0.269,0.273,0.109,88.0,9.4,34.0,8.0
Castillo, Luis,622491,2021,29,0.123,0.16,0.169,0.135,0.141,0.037,84.0,0.8,14.3,2.9
Margot, Manuel,622534,2021,27,0.268,0.397,0.301,0.318,0.328,0.129,87.9,10.7,31.5,5.1
Reyes, Pablo,622569,2021,28,0.227,0.318,0.303,0.277,0.307,0.092,87.1,15.0,28.6,3.2
Senzatela, Antonio,622608,2021,26,0.073,0.099,0.045,0.074,0.073,0.026,79.8,-4.2,12.5,0.0
Reyes, Victor,622682,2021,27,0.257,0.404,0.298,0.297,0.283,0.148,89.5,6.6,37.6,8.3
Mateo, Jorge,622761,2021,26,0.243,0.361,0.291,0.287,0.289,0.118,85.4,14.1,33.3,5.7
Velazquez, Andrew,623205,2021,27,0.22,0.366,0.252,0.256,0.231,0.146,90.2,9.5,45.5,13.6
Bote, David,623520,2021,28,0.228,0.397,0.268,0.311,0.306,0.168,89.9,9.8,27.0,9.9
Ramirez, Harold,623912,2021,27,0.269,0.402,0.302,0.308,0.306,0.134,91.3,6.2,24.5,6.3
Santander, Anthony,623993,2021,27,0.269,0.446,0.307,0.328,0.314,0.177,90.7,18.0,34.5,8.4
Alonso, Pete,624413,2021,27,0.271,0.542,0.363,0.377,0.352,0.271,91.0,14.7,34.5,14.8
Arroyo, Christian,624414,2021,26,0.232,0.39,0.332,0.301,0.296,0.158,86.3,9.4,35.5,7.4
Biggio, Cavan,624415,2021,26,0.207,0.331,0.298,0.285,0.308,0.124,88.9,15.6,32.8,5.6
Conforto, Michael,624424,2021,28,0.253,0.436,0.322,0.35,0.364,0.183,88.5,13.2,32.9,9.2
Frazier, Adam,624428,2021,30,0.288,0.376,0.341,0.324,0.353,0.088,85.4,12.6,38.9,1.0
Trevino, Jose,624431,2021,29,0.248,0.374,0.261,0.285,0.279,0.125,87.5,9.5,33.5,4.3
Gordon, Nick,624503,2021,26,0.266,0.418,0.283,0.318,0.316,0.152,91.2,9.4,35.6,6.8
McGuire, Reese,624512,2021,26,0.237,0.328,0.289,0.281,0.298,0.091,87.5,13.4,39.7,2.6
Nunez, Dom,624513,2021,26,0.171,0.313,0.294,0.262,0.279,0.143,86.0,21.9,39.1,9.4
Soler, Jorge,624585,2021,29,0.25,0.494,0.323,0.359,0.341,0.245,91.2,15.7,30.9,12.7
Sosa, Edmundo,624641,2021,25,0.266,0.394,0.322,0.326,0.342,0.128,86.7,6.0,28.9,3.9
Heredia, Guillermo,628338,2021,30,0.221,0.337,0.292,0.29,0.313,0.116,86.6,12.5,35.6,4.0
Hernandez, Yadiel,628450,2021,34,0.241,0.404,0.32,0.306,0.301,0.163,89.6,5.1,31.4,5.8
Ibanez, Andy,628451,2021,28,0.264,0.415,0.325,0.32,0.312,0.151,88.8,15.5,35.5,7.3
Urias, Julio,628711,2021,25,0.139,0.189,0.2,0.151,0.154,0.05,86.8,8.4,23.4,2.1
Cronenworth, Jake,630105,2021,27,0.282,0.449,0.341,0.348,0.356,0.167,88.6,12.5,35.8,7.2
Frazier, Clint,640449,2021,27,0.207,0.354,0.289,0.313,0.334,0.147,86.9,13.9,28.8,10.2
Meadows, Austin,640457,2021,26,0.24,0.425,0.327,0.326,0.325,0.184,89.3,21.7,36.1,8.7
Mercado, Oscar,640458,2021,27,0.22,0.332,0.294,0.282,0.297,0.112,86.2,16.2,24.9,4.0
Pinder, Chad,640461,2021,29,0.261,0.507,0.307,0.354,0.319,0.246,92.6,7.4,36.6,16.3
Anderson, Tim,641313,2021,28,0.284,0.448,0.345,0.329,0.314,0.164,89.6,4.3,32.5,7.8
Bauers, Jake,641343,2021,26,0.233,0.361,0.257,0.297,0.311,0.128,88.1,20.0,36.3,5.4
Bellinger, Cody,641355,2021,26,0.209,0.358,0.237,0.281,0.281,0.149,89.3,22.2,33.5,7.1
Calhoun, Willie,641432,2021,27,0.275,0.403,0.301,0.323,0.332,0.129,90.2,14.9,28.6,3.5
Collins, Zack,641470,2021,26,0.219,0.39,0.299,0.322,0.338,0.171,91.1,20.9,40.9,10.2
Crawford, J.P.,641487,2021,26,0.257,0.339,0.314,0.298,0.325,0.082,86.3,9.8,34.3,2.4
Davis, Jonathan,641505,2021,29,0.194,0.306,0.21,0.284,0.31,0.111,85.1,7.7,25.8,6.5
Dozier, Hunter,641531,2021,30,0.224,0.388,0.293,0.299,0.295,0.163,89.9,15.8,33.0,8.8
Engel, Adam,641553,2021,30,0.267,0.44,0.354,0.348,0.353,0.173,86.8,14.4,38.7,8.6
Fargas, Johneshwy,641561,2021,27,0.207,0.251,0.275,0.209,0.222,0.044,83.1,6.8,34.2,0.0
Fraley, Jake,641584,2021,26,0.229,0.361,0.322,0.335,0.371,0.132,85.3,12.1,38.4,6.2
Garver, Mitch,641598,2021,30,0.256,0.546,0.372,0.387,0.361,0.29,92.3,19.0,38.4,17.4
Guillorme, Luis,641645,2021,27,0.238,0.313,0.311,0.302,0.351,0.075,86.4,4.7,34.5,0.9
Hampson, Garrett,641658,2021,27,0.236,0.374,0.288,0.291,0.292,0.138,87.0,13.0,34.7,5.0
Heim, Jonah,641680,2021,26,0.23,0.372,0.256,0.285,0.275,0.142,87.1,15.5,34.6,6.2
Lewis, Kyle,641786,2021,26,0.252,0.471,0.32,0.35,0.338,0.219,89.7,16.8,45.2,14.0
Locastro, Tim,641796,2021,29,0.207,0.268,0.237,0.258,0.288,0.061,82.1,14.3,32.7,0.9
Mahle, Tyler,641816,2021,27,0.149,0.22,0.092,0.198,0.207,0.07,84.9,-9.9,16.3,2.3
Mancini III, Trey,641820,2021,29,0.267,0.452,0.326,0.341,0.337,0.186,88.9,9.7,36.0,10.4
Martin, Jason,641829,2021,26,0.226,0.38,0.26,0.28,0.266,0.154,87.5,11.4,33.3,7.6
McKinney, Billy,641856,2021,27,0.213,0.359,0.277,0.291,0.3,0.145,88.1,17.6,30.9,6.4
McMahon, Ryan,641857,2021,27,0.244,0.426,0.334,0.325,0.323,0.182,90.5,14.3,40.2,7.3
Neuse, Sheldon,641914,2021,27,0.194,0.393,0.214,0.253,0.206,0.199,88.8,13.2,30.8,12.8
O'Neill, Tyler,641933,2021,26,0.279,0.578,0.384,0.39,0.347,0.299,93.0,17.6,39.9,17.6
Sisco, Chance,642082,2021,26,0.159,0.224,0.205,0.224,0.251,0.064,83.7,13.8,24.5,1.9
Smith, Dominic,642086,2021,26,0.262,0.421,0.291,0.326,0.323,0.159,89.0,14.9,40.3,6.5
Tellez, Rowdy,642133,2021,26,0.265,0.471,0.306,0.34,0.326,0.206,92.2,13.4,35.6,11.6
Valaika, Pat,642162,2021,29,0.213,0.337,0.238,0.265,0.264,0.124,86.8,19.8,40.6,4.8
VanMeter, Josh,642165,2021,26,0.203,0.321,0.287,0.274,0.289,0.119,89.3,19.6,30.1,5.2
Wade, Tyler,642180,2021,27,0.199,0.247,0.304,0.254,0.296,0.048,82.2,5.3,24.4,1.1
White, Eli,642201,2021,27,0.176,0.291,0.253,0.249,0.259,0.114,85.5,15.6,31.1,6.8
Williams, Justin,642211,2021,26,0.241,0.406,0.229,0.316,0.34,0.165,92.1,3.9,37.0,11.0
Wong, Kean,642221,2021,26,0.217,0.329,0.187,0.25,0.242,0.112,82.3,5.7,38.3,6.4
Mejia, Francisco,642336,2021,26,0.23,0.345,0.32,0.285,0.296,0.115,85.7,14.9,34.8,4.4
Sierra, Magneuris,642423,2021,25,0.227,0.264,0.239,0.24,0.279,0.037,82.3,7.7,26.3,0.0
Rosario, Amed,642708,2021,26,0.268,0.369,0.315,0.301,0.311,0.101,88.8,5.6,32.0,2.8
Adames, Willy,642715,2021,26,0.236,0.438,0.349,0.325,0.314,0.202,89.5,16.8,35.1,11.4
Gutierrez, Kelvin,642721,2021,27,0.219,0.305,0.27,0.263,0.28,0.087,89.9,2.3,27.6,3.6
Alcantara, Sergio,642727,2021,25,0.206,0.297,0.279,0.274,0.307,0.09,87.8,10.8,32.9,3.4
Estrada, Thairo,642731,2021,25,0.239,0.421,0.346,0.313,0.303,0.182,86.6,6.7,33.7,7.1
Leyba, Domingo,642736,2021,26,0.181,0.254,0.172,0.236,0.258,0.072,80.9,13.8,32.8,4.7
Wynns, Austin,642851,2021,31,0.201,0.296,0.236,0.242,0.247,0.095,83.6,10.7,24.0,3.0
Benintendi, Andrew,643217,2021,27,0.261,0.456,0.328,0.331,0.313,0.194,89.6,15.4,38.5,8.9
Cooper, Garrett,643265,2021,31,0.269,0.458,0.367,0.362,0.368,0.19,91.1,8.2,36.5,10.8
Craig, Will,643269,2021,27,0.181,0.269,0.251,0.226,0.244,0.088,79.9,2.8,28.9,5.3
Dubon, Mauricio,643289,2021,27,0.228,0.361,0.278,0.273,0.271,0.133,86.1,14.9,30.1,4.4
Jansen, Danny,643376,2021,26,0.244,0.462,0.329,0.336,0.319,0.218,90.0,20.5,34.8,8.5
Kemp, Tony,643393,2021,30,0.25,0.349,0.351,0.321,0.36,0.099,86.7,18.4,38.9,1.0
Kiner-Falefa, Isiah,643396,2021,26,0.267,0.349,0.293,0.292,0.309,0.082,85.5,5.4,31.6,1.8
Long Jr., Shed,643418,2021,26,0.203,0.321,0.268,0.26,0.263,0.118,87.6,1.7,24.7,4.1
McNeil, Jeff,643446,2021,29,0.257,0.387,0.301,0.315,0.325,0.13,88.1,12.0,30.4,4.3
Schwindel, Frank,643524,2021,29,0.272,0.457,0.403,0.333,0.321,0.184,87.4,13.3,32.3,8.0
Tauchman, Mike,643565,2021,31,0.196,0.304,0.26,0.276,0.298,0.108,87.5,10.0,36.7,5.5
Chang, Yu,644374,2021,26,0.233,0.381,0.294,0.283,0.272,0.148,87.1,19.1,37.9,7.1
Alcantara, Sandy,645261,2021,26,0.044,0.052,0.079,0.087,0.107,0.008,77.6,-37.5,20.0,0.0
Albies, Ozzie,645277,2021,24,0.26,0.465,0.336,0.332,0.312,0.205,89.6,21.1,37.0,9.3
Robles, Victor,645302,2021,24,0.216,0.315,0.275,0.289,0.321,0.099,84.1,19.9,31.9,2.6
Ford, Mike,645801,2021,29,0.18,0.409,0.254,0.315,0.317,0.229,90.9,15.6,35.1,18.9
Devers, Rafael,646240,2021,25,0.291,0.57,0.373,0.395,0.366,0.279,92.9,13.1,35.2,15.0
Naylor, Josh,647304,2021,24,0.254,0.417,0.302,0.311,0.302,0.163,89.8,9.0,31.4,7.4
Toro, Abraham,647351,2021,25,0.247,0.416,0.303,0.323,0.323,0.168,86.8,13.7,29.7,7.4
Diaz, Aledmys,649557,2021,31,0.267,0.411,0.311,0.319,0.324,0.144,88.7,13.6,34.1,6.5
Urias, Luis,649966,2021,24,0.241,0.427,0.34,0.333,0.338,0.186,87.9,14.2,34.9,9.3
Diaz, Lewin,650331,2021,25,0.221,0.442,0.288,0.294,0.258,0.221,88.3,20.7,34.8,10.1
Arraez, Luis,650333,2021,24,0.295,0.411,0.321,0.337,0.359,0.116,88.4,9.9,41.5,2.3
Jimenez, Eloy,650391,2021,25,0.253,0.45,0.317,0.329,0.31,0.197,90.5,8.4,29.9,10.8
Torres, Gleyber,650402,2021,25,0.265,0.423,0.307,0.331,0.336,0.159,87.1,14.2,37.1,7.8
Castro, Willi,650489,2021,24,0.244,0.364,0.271,0.291,0.296,0.12,85.6,11.4,35.2,5.2
Diaz, Yandy,650490,2021,30,0.254,0.399,0.325,0.332,0.353,0.145,89.9,6.6,28.9,7.0
De La Cruz, Bryan,650559,2021,25,0.254,0.366,0.339,0.301,0.318,0.113,88.4,11.1,35.4,5.4
Rengifo, Luis,650859,2021,24,0.237,0.396,0.244,0.293,0.28,0.158,85.8,11.7,29.8,6.4
Pozo, Yohel,650968,2021,24,0.274,0.386,0.3,0.3,0.302,0.112,87.7,14.6,35.9,3.1
Adams, Riley,656180,2021,25,0.195,0.363,0.332,0.317,0.336,0.168,88.4,11.7,44.1,13.6
Bradley, Bobby,656252,2021,25,0.225,0.47,0.314,0.333,0.309,0.245,89.0,12.0,37.6,16.8
Chapman, Matt,656305,2021,28,0.209,0.424,0.311,0.321,0.315,0.214,89.7,18.6,32.1,13.7
Chavis, Michael,656308,2021,26,0.228,0.344,0.277,0.25,0.239,0.116,89.7,8.1,37.5,5.0
Diaz, Isan,656371,2021,25,0.203,0.308,0.252,0.272,0.305,0.105,88.7,9.6,27.6,4.1
Ellis, Drew,656403,2021,26,0.134,0.191,0.23,0.229,0.28,0.057,81.8,23.1,26.2,2.4
Hill, Derek,656537,2021,26,0.245,0.35,0.305,0.289,0.301,0.105,86.9,9.2,40.2,5.2
Hilliard, Sam,656541,2021,27,0.214,0.438,0.318,0.312,0.293,0.224,89.8,12.0,32.3,15.0
Hoskins, Rhys,656555,2021,28,0.249,0.564,0.364,0.378,0.336,0.315,91.2,21.7,36.7,17.0
Jackson, Alex,656577,2021,26,0.131,0.23,0.227,0.222,0.246,0.099,89.6,20.7,32.8,6.9
Joe, Connor,656582,2021,29,0.283,0.467,0.366,0.371,0.381,0.183,88.2,14.6,39.7,9.9
Luplow, Jordan,656669,2021,28,0.189,0.398,0.337,0.316,0.315,0.21,86.8,23.1,28.3,10.4
McKinstry, Zach,656716,2021,26,0.212,0.372,0.282,0.272,0.262,0.16,88.4,13.7,36.0,8.1
Mullins II, Cedric,656775,2021,27,0.272,0.448,0.372,0.344,0.344,0.176,89.4,14.8,35.7,8.1
O'Hearn, Ryan,656811,2021,28,0.235,0.398,0.274,0.294,0.281,0.162,90.8,14.3,33.3,8.3
Peters, DJ,656847,2021,26,0.2,0.378,0.272,0.273,0.252,0.178,87.5,16.4,30.6,11.1
Rivera, Emmanuel,656896,2021,25,0.28,0.377,0.289,0.317,0.338,0.097,91.1,7.2,36.2,1.4
Schwarber, Kyle,656941,2021,28,0.265,0.566,0.392,0.399,0.375,0.3,92.3,15.4,36.9,17.5
Smith, Pavin,656976,2021,25,0.258,0.403,0.318,0.317,0.321,0.145,87.2,9.0,33.6,5.1
Thomas, Lane,657041,2021,26,0.234,0.382,0.328,0.322,0.342,0.148,91.0,12.3,31.7,7.3
Tucker, Cole,657061,2021,25,0.228,0.312,0.282,0.279,0.304,0.084,86.7,8.5,27.1,2.4
Verdugo, Alex,657077,2021,25,0.285,0.446,0.334,0.342,0.348,0.161,90.0,7.7,34.9,7.3
White, Evan,657108,2021,25,0.191,0.293,0.197,0.24,0.245,0.102,85.2,19.6,30.3,4.5
Alvarez, Eddy,657193,2021,31,0.239,0.405,0.277,0.327,0.342,0.166,89.7,13.4,41.3,6.5
Webb, Logan,657277,2021,25,0.124,0.267,0.192,0.184,0.161,0.143,88.3,14.1,23.3,13.3
O'Grady, Brian,657434,2021,29,0.197,0.344,0.265,0.293,0.305,0.146,89.6,21.5,22.2,5.6
DeJong, Paul,657557,2021,28,0.21,0.408,0.293,0.309,0.297,0.198,86.2,16.4,32.9,10.2
Laureano, Ramon,657656,2021,27,0.245,0.459,0.327,0.335,0.317,0.214,87.9,11.9,37.7,10.7
Sheets, Gavin,657757,2021,25,0.246,0.449,0.352,0.337,0.324,0.202,90.4,11.7,30.6,9.9
Fuentes, Joshua,658069,2021,28,0.204,0.281,0.261,0.23,0.238,0.077,85.2,18.3,28.0,2.4
Olivares, Edward,658668,2021,25,0.236,0.389,0.301,0.297,0.29,0.153,87.3,7.9,25.0,6.0
Moncada, Yoan,660162,2021,26,0.261,0.426,0.347,0.353,0.374,0.165,90.1,11.3,40.0,8.2
Ohtani, Shohei,660271,2021,27,0.269,0.616,0.393,0.411,0.385,0.347,93.9,16.6,35.4,22.3
Tsutsugo, Yoshi,660294,2021,30,0.193,0.344,0.302,0.281,0.286,0.151,89.6,17.1,28.7,6.9
Arauz, Jonathan,660620,2021,23,0.197,0.31,0.282,0.27,0.285,0.113,85.9,17.3,23.1,3.8
Hernandez, Yonny,660634,2021,23,0.251,0.296,0.265,0.297,0.345,0.045,83.1,4.1,39.8,0.9
Acuna Jr., Ronald,660670,2021,24,0.295,0.607,0.412,0.43,0.409,0.312,93.8,18.2,39.6,20.3
Ruiz, Keibert,660688,2021,23,0.263,0.381,0.325,0.311,0.324,0.118,86.0,18.6,30.4,2.5
Sanchez, Jesus,660821,2021,24,0.244,0.482,0.339,0.337,0.314,0.238,90.2,8.7,38.0,12.7
Park, Hoy,660829,2021,25,0.216,0.34,0.279,0.292,0.315,0.124,85.9,15.8,29.3,6.5
Contreras, William,661388,2021,24,0.231,0.419,0.303,0.32,0.318,0.188,92.5,8.2,28.2,10.9
Varsho, Daulton,662139,2021,25,0.248,0.43,0.322,0.323,0.32,0.182,87.7,18.0,31.7,7.3
Jones, Jahmai,663330,2021,24,0.145,0.225,0.186,0.195,0.205,0.079,87.4,19.5,29.3,2.4
Nootbaar, Lars,663457,2021,24,0.212,0.349,0.316,0.286,0.297,0.137,89.1,11.8,24.1,4.8
Hoerner, Nico,663538,2021,24,0.279,0.358,0.33,0.32,0.363,0.08,87.0,7.7,31.2,1.6
Riley, Austin,663586,2021,24,0.281,0.512,0.379,0.366,0.348,0.231,90.1,14.2,36.5,13.3
Madrigal, Nick,663611,2021,24,0.263,0.328,0.335,0.289,0.313,0.064,85.5,1.7,27.7,1.1
Larnach, Trevor,663616,2021,24,0.209,0.372,0.3,0.304,0.31,0.163,90.0,13.1,34.8,9.5
Mountcastle, Ryan,663624,2021,24,0.245,0.458,0.335,0.326,0.303,0.213,89.1,16.3,38.9,11.8
McKenna, Ryan,663630,2021,24,0.2,0.307,0.259,0.281,0.307,0.107,86.5,11.6,40.2,7.2
Hayes, Ke'Bryan,663647,2021,24,0.249,0.369,0.301,0.299,0.308,0.12,90.2,2.6,27.4,5.1
Tucker, Kyle,663656,2021,24,0.307,0.58,0.383,0.4,0.372,0.273,91.4,17.6,42.0,11.6
Cameron, Daz,663662,2021,24,0.202,0.355,0.281,0.284,0.285,0.153,88.7,11.9,36.9,7.7
India, Jonathan,663697,2021,25,0.259,0.443,0.363,0.356,0.369,0.184,87.6,13.0,33.6,9.6
Raleigh, Cal,663728,2021,25,0.179,0.292,0.231,0.227,0.224,0.113,88.0,17.1,37.5,6.8
Grisham, Trent,663757,2021,25,0.241,0.368,0.32,0.309,0.328,0.127,88.8,12.3,31.0,5.2
Vierling, Matt,663837,2021,25,0.292,0.411,0.356,0.32,0.334,0.119,91.5,6.3,30.8,3.8
Stephenson, Tyler,663886,2021,25,0.257,0.391,0.346,0.324,0.343,0.134,88.4,7.4,36.1,5.4
Williams, Luke,663897,2021,25,0.226,0.28,0.283,0.266,0.298,0.054,84.7,3.2,24.0,0.0
Rodgers, Brendan,663898,2021,25,0.253,0.414,0.341,0.311,0.3,0.161,88.8,6.3,30.5,6.2
Lowe, Nathaniel,663993,2021,26,0.236,0.402,0.337,0.324,0.333,0.166,90.8,5.0,31.4,9.5
Happ, Ian,664023,2021,27,0.218,0.389,0.328,0.314,0.318,0.171,89.4,10.0,30.4,10.6
France, Ty,664034,2021,27,0.27,0.436,0.353,0.347,0.353,0.166,88.5,11.0,35.9,6.8
Lowe, Brandon,664040,2021,27,0.25,0.5,0.363,0.36,0.343,0.25,89.3,16.9,37.2,14.0
Bader, Harrison,664056,2021,27,0.23,0.389,0.331,0.292,0.291,0.16,86.1,13.4,26.8,6.7
Stevenson, Andrew,664057,2021,27,0.238,0.368,0.274,0.296,0.304,0.13,89.6,8.4,28.4,6.0
Fletcher, David,664058,2021,27,0.273,0.321,0.273,0.281,0.308,0.048,82.3,8.4,30.4,0.0
Haggerty, Sam,664059,2021,27,0.218,0.372,0.24,0.285,0.277,0.154,87.5,7.6,35.6,5.1
Moore, Dylan,664238,2021,29,0.204,0.348,0.271,0.288,0.296,0.144,86.5,20.4,33.3,8.6
Garlick, Kyle,664247,2021,29,0.25,0.516,0.314,0.345,0.299,0.267,88.4,20.1,36.8,13.2
Straw, Myles,664702,2021,27,0.262,0.339,0.311,0.308,0.341,0.077,87.1,11.9,42.4,1.3
Isbel, Kyle,664728,2021,24,0.204,0.286,0.333,0.251,0.271,0.083,87.3,19.0,32.1,3.8
Bohm, Alec,664761,2021,25,0.266,0.398,0.285,0.317,0.323,0.132,92.0,5.6,33.3,6.6
Wade Jr., LaMonte,664774,2021,27,0.256,0.475,0.343,0.347,0.331,0.219,90.1,19.8,37.8,10.6
Tom, Ka'ai,664789,2021,27,0.195,0.28,0.239,0.289,0.332,0.086,84.2,9.5,32.0,4.0
Mazeika, Patrick,664850,2021,28,0.189,0.27,0.228,0.236,0.257,0.081,87.0,12.2,29.0,1.6
Zavala, Seby,664874,2021,28,0.145,0.291,0.265,0.219,0.206,0.146,88.0,16.2,30.4,8.9
Mendick, Danny,664901,2021,28,0.204,0.276,0.268,0.26,0.29,0.072,84.1,13.7,29.0,1.6
Brown, Seth,664913,2021,29,0.225,0.462,0.315,0.318,0.286,0.237,88.9,20.9,33.5,13.9
McCarthy, Jake,664983,2021,24,0.158,0.252,0.315,0.255,0.282,0.094,80.0,2.3,18.9,2.7
Walsh, Jared,665120,2021,28,0.257,0.436,0.357,0.327,0.323,0.179,89.6,7.8,33.6,11.3
Maton, Nick,665155,2021,24,0.226,0.337,0.309,0.281,0.296,0.112,87.8,17.3,37.5,6.3
Celestino, Gilberto,665482,2021,22,0.189,0.32,0.201,0.241,0.229,0.13,87.2,5.4,35.6,6.7
Tatis Jr., Fernando,665487,2021,22,0.279,0.618,0.403,0.408,0.363,0.338,93.9,13.8,33.1,21.3
Guerrero Jr., Vladimir,665489,2021,22,0.307,0.594,0.419,0.418,0.399,0.287,95.1,9.4,33.7,15.1
Pache, Cristian,665506,2021,23,0.15,0.238,0.159,0.192,0.189,0.087,81.7,8.0,20.0,5.0
Marchan, Rafael,665561,2021,22,0.255,0.319,0.277,0.282,0.309,0.064,83.8,17.5,26.2,0.0
Soto, Juan,665742,2021,23,0.305,0.545,0.42,0.429,0.463,0.241,93.0,5.8,29.7,13.3
Taveras, Leody,665750,2021,23,0.211,0.315,0.209,0.252,0.254,0.104,87.2,7.0,28.7,6.1
Chisholm Jr., Jazz,665862,2021,23,0.238,0.409,0.312,0.307,0.295,0.171,90.2,9.0,29.0,9.0
Gimenez, Andres,665926,2021,23,0.211,0.32,0.277,0.269,0.278,0.108,86.3,9.0,23.2,3.6
Kirilloff, Alex,666135,2021,24,0.291,0.541,0.307,0.367,0.336,0.25,91.0,7.0,39.0,12.8
Lux, Gavin,666158,2021,24,0.26,0.387,0.303,0.323,0.345,0.126,89.8,11.3,34.6,3.9
Rortvedt, Ben,666163,2021,24,0.205,0.348,0.227,0.27,0.263,0.143,84.6,13.7,25.8,6.5
Adell, Jo,666176,2021,22,0.258,0.415,0.303,0.316,0.307,0.157,86.2,10.1,27.3,9.1
Bichette, Bo,666182,2021,23,0.291,0.49,0.354,0.355,0.337,0.198,91.4,7.3,33.5,9.9
Carlson, Dylan,666185,2021,23,0.247,0.407,0.336,0.322,0.328,0.159,88.2,15.1,40.6,7.0
Kieboom, Carter,666198,2021,24,0.231,0.343,0.275,0.298,0.323,0.111,85.3,7.4,28.7,3.8
Trammell, Taylor,666211,2021,24,0.143,0.265,0.27,0.233,0.24,0.123,85.9,14.9,30.1,7.2
Castro, Rodolfo,666801,2021,22,0.22,0.39,0.281,0.292,0.28,0.17,89.0,8.6,25.4,10.2
Dalbec, Bobby,666915,2021,26,0.236,0.522,0.334,0.344,0.294,0.287,92.4,17.3,36.3,20.2
Garcia, Adolis,666969,2021,28,0.223,0.426,0.314,0.302,0.271,0.203,91.0,14.7,29.4,11.5
Gurriel Jr., Lourdes,666971,2021,28,0.272,0.462,0.333,0.339,0.319,0.19,89.7,10.5,35.8,9.6
Rooker Jr., Brent,667670,2021,27,0.238,0.463,0.301,0.341,0.324,0.225,91.0,13.1,37.8,12.6
Arozarena, Randy,668227,2021,26,0.222,0.369,0.35,0.304,0.313,0.147,89.9,7.6,29.7,8.2
Barrera, Tres,668663,2021,27,0.243,0.34,0.333,0.311,0.356,0.096,82.0,11.2,34.8,5.8
Rogers, Jake,668670,2021,26,0.211,0.407,0.339,0.298,0.281,0.197,90.7,26.9,42.9,11.4
Baddoo, Akil,668731,2021,23,0.227,0.403,0.329,0.309,0.303,0.176,86.0,13.8,37.4,8.8
Knizner, Andrew,668800,2021,26,0.203,0.298,0.238,0.274,0.306,0.095,87.5,7.8,28.7,4.1
Reynolds, Bryan,668804,2021,26,0.294,0.524,0.385,0.386,0.384,0.23,89.4,13.4,39.9,10.4
Rojas, Josh,668942,2021,27,0.237,0.357,0.327,0.299,0.318,0.12,88.2,8.4,40.7,4.8
Marsh, Brandon,669016,2021,24,0.266,0.415,0.296,0.325,0.327,0.15,92.1,7.9,44.2,10.9
Burnes, Corbin,669203,2021,27,0.126,0.142,0.166,0.15,0.174,0.016,80.0,-13.3,23.3,0.0
Murphy, Sean,669221,2021,27,0.24,0.441,0.309,0.337,0.329,0.201,89.2,15.4,31.9,11.3
Senzel, Nick,669222,2021,26,0.31,0.438,0.286,0.357,0.374,0.128,88.9,10.5,33.3,4.2
Edman, Tommy,669242,2021,26,0.274,0.401,0.301,0.317,0.321,0.127,87.5,9.6,31.5,4.2
Solak, Nick,669256,2021,26,0.238,0.361,0.299,0.299,0.31,0.124,86.9,7.0,29.3,6.5
Smith, Will,669257,2021,26,0.25,0.472,0.364,0.364,0.365,0.221,90.1,19.4,38.0,10.8
Johnson, Daniel,669288,2021,26,0.208,0.375,0.274,0.27,0.247,0.167,89.3,20.5,36.0,8.0
Espinal, Santiago,669289,2021,27,0.267,0.346,0.344,0.307,0.336,0.079,84.8,13.1,35.8,1.6
Hiura, Keston,669374,2021,25,0.181,0.36,0.25,0.281,0.273,0.179,90.7,16.3,34.3,15.2
Hays, Austin,669720,2021,26,0.245,0.432,0.328,0.316,0.298,0.187,88.8,12.5,32.2,9.1
Lopez, Nicky,670032,2021,26,0.239,0.305,0.329,0.283,0.313,0.065,86.8,2.8,27.6,0.7
Raley, Luke,670042,2021,27,0.217,0.421,0.236,0.302,0.283,0.203,90.3,3.9,34.1,12.2
Short, Zack,670097,2021,26,0.153,0.272,0.23,0.242,0.256,0.119,87.5,24.3,33.0,4.9
Rojas, Jose,670351,2021,28,0.215,0.389,0.292,0.293,0.283,0.175,90.7,19.0,32.2,8.5
Young, Andrew,670370,2021,27,0.197,0.431,0.332,0.312,0.288,0.234,88.8,13.3,44.7,17.0
Alvarez, Yordan,670541,2021,24,0.28,0.571,0.37,0.39,0.351,0.291,93.2,14.1,37.2,15.9
Paredes, Isaac,670623,2021,22,0.225,0.307,0.274,0.282,0.322,0.081,85.5,18.0,31.7,1.6
Brosseau, Mike,670712,2021,27,0.204,0.333,0.268,0.276,0.284,0.129,90.1,18.2,30.3,7.1
Walls, Taylor,670764,2021,25,0.209,0.31,0.279,0.284,0.313,0.101,88.5,12.2,38.5,2.9
Garcia, Luis,671277,2021,21,0.241,0.366,0.291,0.279,0.275,0.125,86.8,4.1,32.1,5.2
Kelenic, Jarred,672284,2021,22,0.219,0.409,0.27,0.311,0.301,0.19,87.5,14.4,33.2,9.9
Kirk, Alejandro,672386,2021,23,0.288,0.515,0.33,0.378,0.368,0.227,92.3,14.7,31.0,11.0
Marcano, Tucupita,672779,2021,22,0.24,0.3,0.231,0.293,0.331,0.06,85.1,-0.9,20.0,0.0
Robert, Luis,673357,2021,24,0.302,0.546,0.399,0.382,0.35,0.244,91.2,13.8,39.4,12.5
Akiyama, Shogo,673451,2021,33,0.236,0.308,0.243,0.28,0.311,0.072,86.5,1.9,29.8,0.8
Kim, Ha-Seong,673490,2021,26,0.209,0.309,0.27,0.265,0.279,0.1,86.7,13.6,31.3,4.5
Clement, Ernie,676391,2021,25,0.251,0.351,0.275,0.289,0.303,0.1,86.7,15.0,33.3,3.8
Barrero, Jose,676480,2021,23,0.157,0.266,0.271,0.235,0.247,0.11,89.3,20.6,24.2,9.1
Meyers, Jake,676694,2021,25,0.247,0.426,0.328,0.321,0.312,0.179,89.5,9.9,40.4,10.1
Trejo, Alan,676701,2021,25,0.245,0.376,0.245,0.278,0.286,0.131,87.7,10.9,40.6,3.1
McCormick, Chas,676801,2021,26,0.223,0.423,0.326,0.31,0.293,0.2,90.3,18.6,35.8,10.2
Franco, Wander,677551,2021,20,0.281,0.414,0.348,0.334,0.342,0.132,88.2,9.7,33.9,4.9
Duran, Jarren,680776,2021,25,0.223,0.306,0.247,0.245,0.25,0.083,89.6,7.8,38.2,4.4
Jeffers, Ryan,680777,2021,24,0.207,0.415,0.289,0.299,0.277,0.209,89.2,14.0,35.8,14.5
Miller, Owen,680911,2021,25,0.225,0.346,0.241,0.266,0.263,0.121,86.4,6.0,35.5,5.8
Vaughn, Andrew,683734,2021,23,0.243,0.434,0.306,0.332,0.321,0.192,91.1,9.7,33.6,10.9
